<?xml version="1.0" encoding="UTF-8"?>  
<!DOCTYPE generatorConfiguration  
  PUBLIC "-//mybatis.org//DTD MyBatis Generator Configuration 1.0//EN"  
  "http://mybatis.org/dtd/mybatis-generator-config_1_0.dtd">  
<generatorConfiguration>  
<!-- 数据库驱动-->  
    <classPathEntry  location="postgresql-42.0.0.jar"/>  
    <context id="postgresql"  targetRuntime="MyBatis3">  
        <commentGenerator>  
            <property name="suppressDate" value="true"/>  
            <!-- 是否去除自动生成的注释 true：是 ： false:否 -->  
            <property name="suppressAllComments" value="true"/>  
        </commentGenerator>  
        <!--数据库链接URL，用户名、密码 -->  
        <jdbcConnection driverClass="org.postgresql.Driver" connectionURL="jdbc:postgresql://127.0.0.1:5432/mine2" userId="postgres" password="postgre">
        <!-- 这里面可以设置property属性，每一个property属性都设置到配置的Driver上 -->
        </jdbcConnection>  
        <javaTypeResolver>  
            <property name="forceBigDecimals" value="false"/>  
        </javaTypeResolver>  
        <!-- 生成模型的包名和位置-->  
        <javaModelGenerator targetPackage="com.webleader.appms.bean" targetProject="src">  
            <property name="enableSubPackages" value="true"/>  
            <property name="trimStrings" value="true"/>  
        </javaModelGenerator>  
        <!-- 生成映射文件的包名和位置-->  
        <sqlMapGenerator targetPackage="mybatisMappers" targetProject="src">  
            <property name="enableSubPackages" value="true"/>  
        </sqlMapGenerator>  
        <!-- 生成DAO的包名和位置-->  
        <javaClientGenerator type="XMLMAPPER" targetPackage="com.webleader.appms.db.mapper" targetProject="src">  
            <property name="enableSubPackages" value="true"/>  
        </javaClientGenerator>  
        <!-- 要生成的表 tableName是数据库中的表名或视图名 domainObjectName是实体类名-->  
       
		<table tableName="t_base_alarm_info" domainObjectName="Alarm" enableCountByExample="false" enableUpdateByExample="false" enableDeleteByExample="false" enableSelectByExample="false" selectByExampleQueryId="false"></table>
        <table tableName="t_base_alarm_sound_setting" domainObjectName="AlarmSetting" enableCountByExample="false" enableUpdateByExample="false" enableDeleteByExample="false" enableSelectByExample="false" selectByExampleQueryId="false"></table>
        <table tableName="t_base_coalmine_info" domainObjectName="Coalmine" enableCountByExample="false" enableUpdateByExample="false" enableDeleteByExample="false" enableSelectByExample="false" selectByExampleQueryId="false"></table>
        <table tableName="t_base_defined_url" domainObjectName="TBUrl" enableCountByExample="false" enableUpdateByExample="false" enableDeleteByExample="false" enableSelectByExample="false" selectByExampleQueryId="false"></table>
        <table tableName="t_base_device_parameter" domainObjectName="DeviceParameter" enableCountByExample="false" enableUpdateByExample="false" enableDeleteByExample="false" enableSelectByExample="false" selectByExampleQueryId="false"></table>
        <table tableName="t_base_duty_schedule" domainObjectName="Schedule" enableCountByExample="false" enableUpdateByExample="false" enableDeleteByExample="false" enableSelectByExample="false" selectByExampleQueryId="false"></table>
        <table tableName="t_base_evacuate_info" domainObjectName="Evacuation" enableCountByExample="false" enableUpdateByExample="false" enableDeleteByExample="false" enableSelectByExample="false" selectByExampleQueryId="false"></table>
        <table tableName="t_base_job_type" domainObjectName="JobType" enableCountByExample="false" enableUpdateByExample="false" enableDeleteByExample="false" enableSelectByExample="false" selectByExampleQueryId="false"></table>
        <table tableName="t_base_log" domainObjectName="TBLog" enableCountByExample="false" enableUpdateByExample="false" enableDeleteByExample="false" enableSelectByExample="false" selectByExampleQueryId="false"></table>
        <table tableName="t_base_period_setting" domainObjectName="PeriodSetting" enableCountByExample="false" enableUpdateByExample="false" enableDeleteByExample="false" enableSelectByExample="false" selectByExampleQueryId="false"></table>
        <table tableName="t_base_region_info" domainObjectName="Region" enableCountByExample="false" enableUpdateByExample="false" enableDeleteByExample="false" enableSelectByExample="false" selectByExampleQueryId="false"></table>
        <table tableName="t_base_role_info" domainObjectName="Role" enableCountByExample="false" enableUpdateByExample="false" enableDeleteByExample="false" enableSelectByExample="false" selectByExampleQueryId="false"></table>
        <table tableName="t_base_staff_info" domainObjectName="Staff" enableCountByExample="false" enableUpdateByExample="false" enableDeleteByExample="false" enableSelectByExample="false" selectByExampleQueryId="false"></table>
        <table tableName="t_base_sys_dic" domainObjectName="Dictionary" enableCountByExample="false" enableUpdateByExample="false" enableDeleteByExample="false" enableSelectByExample="false" selectByExampleQueryId="false"></table>
        <table tableName="t_base_unit_info" domainObjectName="Unit" enableCountByExample="false" enableUpdateByExample="false" enableDeleteByExample="false" enableSelectByExample="false" selectByExampleQueryId="false"></table>
        <table tableName="t_base_user_info" domainObjectName="User" enableCountByExample="false" enableUpdateByExample="false" enableDeleteByExample="false" enableSelectByExample="false" selectByExampleQueryId="false"></table>
        <table tableName="t_evacuate_detail" domainObjectName="EvacuateDetail" enableCountByExample="false" enableUpdateByExample="false" enableDeleteByExample="false" enableSelectByExample="false" selectByExampleQueryId="false"></table>
        <table tableName="t_ls_call_staff" domainObjectName="CallStaff" enableCountByExample="false" enableUpdateByExample="false" enableDeleteByExample="false" enableSelectByExample="false" selectByExampleQueryId="false"></table>
        <table tableName="t_ls_card_info" domainObjectName="Card" enableCountByExample="false" enableUpdateByExample="false" enableDeleteByExample="false" enableSelectByExample="false" selectByExampleQueryId="false"></table>
        <table tableName="t_ls_card_reader" domainObjectName="Reader" enableCountByExample="false" enableUpdateByExample="false" enableDeleteByExample="false" enableSelectByExample="false" selectByExampleQueryId="false"></table>
        <table tableName="t_ls_staff_alarm" domainObjectName="StaffAlarm" enableCountByExample="false" enableUpdateByExample="false" enableDeleteByExample="false" enableSelectByExample="false" selectByExampleQueryId="false"></table>
        <table tableName="t_ls_staff_info" domainObjectName="TLStaff" enableCountByExample="false" enableUpdateByExample="false" enableDeleteByExample="false" enableSelectByExample="false" selectByExampleQueryId="false"></table>
        <table tableName="t_ls_staff_info_his" domainObjectName="PastDoc" enableCountByExample="false" enableUpdateByExample="false" enableDeleteByExample="false" enableSelectByExample="false" selectByExampleQueryId="false"></table>
        <table tableName="t_overman_alarm" domainObjectName="OvermanAlarm" enableCountByExample="false" enableUpdateByExample="false" enableDeleteByExample="false" enableSelectByExample="false" selectByExampleQueryId="false"></table>
        <table tableName="t_overtime_alarm" domainObjectName="OvertimeAlarm" enableCountByExample="false" enableUpdateByExample="false" enableDeleteByExample="false" enableSelectByExample="false" selectByExampleQueryId="false"></table>
        <table tableName="t_region_special_alarm" domainObjectName="SpecialRegionAlarm" enableCountByExample="false" enableUpdateByExample="false" enableDeleteByExample="false" enableSelectByExample="false" selectByExampleQueryId="false"></table>
        <table tableName="t_region_time_limit" domainObjectName="RegionTimeLimit" enableCountByExample="false" enableUpdateByExample="false" enableDeleteByExample="false" enableSelectByExample="false" selectByExampleQueryId="false"></table>
        <table tableName="t_station_power_supply" domainObjectName="PowerSupply" enableCountByExample="false" enableUpdateByExample="false" enableDeleteByExample="false" enableSelectByExample="false" selectByExampleQueryId="false"></table>
        <table tableName="t_sys_parameter" domainObjectName="SysParameter" enableCountByExample="false" enableUpdateByExample="false" enableDeleteByExample="false" enableSelectByExample="false" selectByExampleQueryId="false"></table>

         <table tableName="t_duty_date" domainObjectName="DutyDate" enableCountByExample="false" enableUpdateByExample="false" enableDeleteByExample="false" enableSelectByExample="false" selectByExampleQueryId="false"></table>
          <table tableName="t_duty_unit" domainObjectName="DutyUnit" enableCountByExample="false" enableUpdateByExample="false" enableDeleteByExample="false" enableSelectByExample="false" selectByExampleQueryId="false"></table>
    </context>  
</generatorConfiguration>  